TRUNCATE TABLE departments;
INSERT INTO departments VALUES ('d001','Marketing');
INSERT INTO departments VALUES ('d002','Finance');
INSERT INTO departments VALUES ('d003','Human Resources');
INSERT INTO departments VALUES ('d004','Production');
INSERT INTO departments VALUES ('d005','Development');
INSERT INTO departments VALUES ('d006','Quality Management');
INSERT INTO departments VALUES ('d007','Sales');
INSERT INTO departments VALUES ('d008','Research');
INSERT INTO departments VALUES ('d009','Customer Service');
COMMIT;

TRUNCATE TABLE employees;
INSERT INTO employees VALUES (10001,TO_DATE('1953-09-02','YYYY-MM-DD'),'Georgi','Facello','M',TO_DATE('1986-06-26','YYYY-MM-DD'));
INSERT INTO employees VALUES (10002,TO_DATE('1964-06-02','YYYY-MM-DD'),'Bezalel','Simmel','F',TO_DATE('1985-11-21','YYYY-MM-DD'));
INSERT INTO employees VALUES (10003,TO_DATE('1959-12-03','YYYY-MM-DD'),'Parto','Bamford','M',TO_DATE('1986-08-28','YYYY-MM-DD'));
INSERT INTO employees VALUES (10004,TO_DATE('1954-05-01','YYYY-MM-DD'),'Chirstian','Koblick','M',TO_DATE('1986-12-01','YYYY-MM-DD'));
INSERT INTO employees VALUES (10005,TO_DATE('1955-01-21','YYYY-MM-DD'),'Kyoichi','Maliniak','M',TO_DATE('1989-09-12','YYYY-MM-DD'));
COMMIT;

TRUNCATE TABLE dept_emp;
INSERT INTO dept_emp VALUES (10001,'d005',TO_DATE('1986-06-26','YYYY-MM-DD'),TO_DATE('9999-01-01','YYYY-MM-DD'));
INSERT INTO dept_emp VALUES (10002,'d007',TO_DATE('1996-08-03','YYYY-MM-DD'),TO_DATE('9999-01-01','YYYY-MM-DD'));
INSERT INTO dept_emp VALUES (10003,'d004',TO_DATE('1995-12-03','YYYY-MM-DD'),TO_DATE('9999-01-01','YYYY-MM-DD'));
INSERT INTO dept_emp VALUES (10004,'d004',TO_DATE('1986-12-01','YYYY-MM-DD'),TO_DATE('9999-01-01','YYYY-MM-DD'));
INSERT INTO dept_emp VALUES (10005,'d003',TO_DATE('1989-09-12','YYYY-MM-DD'),TO_DATE('9999-01-01','YYYY-MM-DD'));
COMMIT;

TRUNCATE TABLE dept_manager;
INSERT INTO dept_manager VALUES ('d005',10001,TO_DATE('1985-01-01','YYYY-MM-DD'),TO_DATE('1992-04-25','YYYY-MM-DD'));
COMMIT;

TRUNCATE TABLE salaries;
INSERT INTO salaries VALUES (10001,60117,TO_DATE('1986-06-26','YYYY-MM-DD'),TO_DATE('1987-06-26','YYYY-MM-DD'));
INSERT INTO salaries VALUES (10001,62102,TO_DATE('1987-06-26','YYYY-MM-DD'),TO_DATE('1988-06-25','YYYY-MM-DD'));
INSERT INTO salaries VALUES (10001,66074,TO_DATE('1988-06-25','YYYY-MM-DD'),TO_DATE('1989-06-25','YYYY-MM-DD'));
INSERT INTO salaries VALUES (10001,66596,TO_DATE('1989-06-25','YYYY-MM-DD'),TO_DATE('1990-06-25','YYYY-MM-DD'));
INSERT INTO salaries VALUES (10001,66961,TO_DATE('1990-06-25','YYYY-MM-DD'),TO_DATE('1991-06-25','YYYY-MM-DD'));
INSERT INTO salaries VALUES (10001,71046,TO_DATE('1991-06-25','YYYY-MM-DD'),TO_DATE('1992-06-24','YYYY-MM-DD'));
INSERT INTO salaries VALUES (10001,74333,TO_DATE('1992-06-24','YYYY-MM-DD'),TO_DATE('1993-06-24','YYYY-MM-DD'));
INSERT INTO salaries VALUES (10001,75286,TO_DATE('1993-06-24','YYYY-MM-DD'),TO_DATE('1994-06-24','YYYY-MM-DD'));
INSERT INTO salaries VALUES (10001,75994,TO_DATE('1994-06-24','YYYY-MM-DD'),TO_DATE('1995-06-24','YYYY-MM-DD'));
INSERT INTO salaries VALUES (10001,76884,TO_DATE('1995-06-24','YYYY-MM-DD'),TO_DATE('1996-06-23','YYYY-MM-DD'));
INSERT INTO salaries VALUES (10001,80013,TO_DATE('1996-06-23','YYYY-MM-DD'),TO_DATE('1997-06-23','YYYY-MM-DD'));
INSERT INTO salaries VALUES (10001,81025,TO_DATE('1997-06-23','YYYY-MM-DD'),TO_DATE('1998-06-23','YYYY-MM-DD'));
INSERT INTO salaries VALUES (10001,81097,TO_DATE('1998-06-23','YYYY-MM-DD'),TO_DATE('1999-06-23','YYYY-MM-DD'));
INSERT INTO salaries VALUES (10001,84917,TO_DATE('1999-06-23','YYYY-MM-DD'),TO_DATE('2000-06-22','YYYY-MM-DD'));
INSERT INTO salaries VALUES (10001,85112,TO_DATE('2000-06-22','YYYY-MM-DD'),TO_DATE('2001-06-22','YYYY-MM-DD'));
INSERT INTO salaries VALUES (10001,85097,TO_DATE('2001-06-22','YYYY-MM-DD'),TO_DATE('2002-06-22','YYYY-MM-DD'));
INSERT INTO salaries VALUES (10001,88958,TO_DATE('2002-06-22','YYYY-MM-DD'),TO_DATE('9999-01-01','YYYY-MM-DD'));
INSERT INTO salaries VALUES (10002,65828,TO_DATE('1996-08-03','YYYY-MM-DD'),TO_DATE('1997-08-03','YYYY-MM-DD'));
INSERT INTO salaries VALUES (10002,65909,TO_DATE('1997-08-03','YYYY-MM-DD'),TO_DATE('1998-08-03','YYYY-MM-DD'));
INSERT INTO salaries VALUES (10002,67534,TO_DATE('1998-08-03','YYYY-MM-DD'),TO_DATE('1999-08-03','YYYY-MM-DD'));
INSERT INTO salaries VALUES (10002,69366,TO_DATE('1999-08-03','YYYY-MM-DD'),TO_DATE('2000-08-02','YYYY-MM-DD'));
INSERT INTO salaries VALUES (10002,71963,TO_DATE('2000-08-02','YYYY-MM-DD'),TO_DATE('2001-08-02','YYYY-MM-DD'));
INSERT INTO salaries VALUES (10002,72527,TO_DATE('2001-08-02','YYYY-MM-DD'),TO_DATE('9999-01-01','YYYY-MM-DD'));
INSERT INTO salaries VALUES (10003,40006,TO_DATE('1995-12-03','YYYY-MM-DD'),TO_DATE('1996-12-02','YYYY-MM-DD'));
INSERT INTO salaries VALUES (10003,43616,TO_DATE('1996-12-02','YYYY-MM-DD'),TO_DATE('1997-12-02','YYYY-MM-DD'));
INSERT INTO salaries VALUES (10003,43466,TO_DATE('1997-12-02','YYYY-MM-DD'),TO_DATE('1998-12-02','YYYY-MM-DD'));
INSERT INTO salaries VALUES (10003,43636,TO_DATE('1998-12-02','YYYY-MM-DD'),TO_DATE('1999-12-02','YYYY-MM-DD'));
INSERT INTO salaries VALUES (10003,43478,TO_DATE('1999-12-02','YYYY-MM-DD'),TO_DATE('2000-12-01','YYYY-MM-DD'));
INSERT INTO salaries VALUES (10003,43699,TO_DATE('2000-12-01','YYYY-MM-DD'),TO_DATE('2001-12-01','YYYY-MM-DD'));
INSERT INTO salaries VALUES (10003,43311,TO_DATE('2001-12-01','YYYY-MM-DD'),TO_DATE('9999-01-01','YYYY-MM-DD'));
INSERT INTO salaries VALUES (10004,40054,TO_DATE('1986-12-01','YYYY-MM-DD'),TO_DATE('1987-12-01','YYYY-MM-DD'));
INSERT INTO salaries VALUES (10004,42283,TO_DATE('1987-12-01','YYYY-MM-DD'),TO_DATE('1988-11-30','YYYY-MM-DD'));
INSERT INTO salaries VALUES (10004,42542,TO_DATE('1988-11-30','YYYY-MM-DD'),TO_DATE('1989-11-30','YYYY-MM-DD'));
INSERT INTO salaries VALUES (10004,46065,TO_DATE('1989-11-30','YYYY-MM-DD'),TO_DATE('1990-11-30','YYYY-MM-DD'));
INSERT INTO salaries VALUES (10004,48271,TO_DATE('1990-11-30','YYYY-MM-DD'),TO_DATE('1991-11-30','YYYY-MM-DD'));
INSERT INTO salaries VALUES (10004,50594,TO_DATE('1991-11-30','YYYY-MM-DD'),TO_DATE('1992-11-29','YYYY-MM-DD'));
INSERT INTO salaries VALUES (10004,52119,TO_DATE('1992-11-29','YYYY-MM-DD'),TO_DATE('1993-11-29','YYYY-MM-DD'));
INSERT INTO salaries VALUES (10004,54693,TO_DATE('1993-11-29','YYYY-MM-DD'),TO_DATE('1994-11-29','YYYY-MM-DD'));
INSERT INTO salaries VALUES (10004,58326,TO_DATE('1994-11-29','YYYY-MM-DD'),TO_DATE('1995-11-29','YYYY-MM-DD'));
INSERT INTO salaries VALUES (10004,60770,TO_DATE('1995-11-29','YYYY-MM-DD'),TO_DATE('1996-11-28','YYYY-MM-DD'));
INSERT INTO salaries VALUES (10004,62566,TO_DATE('1996-11-28','YYYY-MM-DD'),TO_DATE('1997-11-28','YYYY-MM-DD'));
INSERT INTO salaries VALUES (10004,64340,TO_DATE('1997-11-28','YYYY-MM-DD'),TO_DATE('1998-11-28','YYYY-MM-DD'));
INSERT INTO salaries VALUES (10004,67096,TO_DATE('1998-11-28','YYYY-MM-DD'),TO_DATE('1999-11-28','YYYY-MM-DD'));
INSERT INTO salaries VALUES (10004,69722,TO_DATE('1999-11-28','YYYY-MM-DD'),TO_DATE('2000-11-27','YYYY-MM-DD'));
INSERT INTO salaries VALUES (10004,70698,TO_DATE('2000-11-27','YYYY-MM-DD'),TO_DATE('2001-11-27','YYYY-MM-DD'));
INSERT INTO salaries VALUES (10004,74057,TO_DATE('2001-11-27','YYYY-MM-DD'),TO_DATE('9999-01-01','YYYY-MM-DD'));
INSERT INTO salaries VALUES (10005,78228,TO_DATE('1989-09-12','YYYY-MM-DD'),TO_DATE('1990-09-12','YYYY-MM-DD'));
INSERT INTO salaries VALUES (10005,82621,TO_DATE('1990-09-12','YYYY-MM-DD'),TO_DATE('1991-09-12','YYYY-MM-DD'));
INSERT INTO salaries VALUES (10005,83735,TO_DATE('1991-09-12','YYYY-MM-DD'),TO_DATE('1992-09-11','YYYY-MM-DD'));
INSERT INTO salaries VALUES (10005,85572,TO_DATE('1992-09-11','YYYY-MM-DD'),TO_DATE('1993-09-11','YYYY-MM-DD'));
INSERT INTO salaries VALUES (10005,85076,TO_DATE('1993-09-11','YYYY-MM-DD'),TO_DATE('1994-09-11','YYYY-MM-DD'));
INSERT INTO salaries VALUES (10005,86050,TO_DATE('1994-09-11','YYYY-MM-DD'),TO_DATE('1995-09-11','YYYY-MM-DD'));
INSERT INTO salaries VALUES (10005,88448,TO_DATE('1995-09-11','YYYY-MM-DD'),TO_DATE('1996-09-10','YYYY-MM-DD'));
INSERT INTO salaries VALUES (10005,88063,TO_DATE('1996-09-10','YYYY-MM-DD'),TO_DATE('1997-09-10','YYYY-MM-DD'));
INSERT INTO salaries VALUES (10005,89724,TO_DATE('1997-09-10','YYYY-MM-DD'),TO_DATE('1998-09-10','YYYY-MM-DD'));
INSERT INTO salaries VALUES (10005,90392,TO_DATE('1998-09-10','YYYY-MM-DD'),TO_DATE('1999-09-10','YYYY-MM-DD'));
INSERT INTO salaries VALUES (10005,90531,TO_DATE('1999-09-10','YYYY-MM-DD'),TO_DATE('2000-09-09','YYYY-MM-DD'));
INSERT INTO salaries VALUES (10005,91453,TO_DATE('2000-09-09','YYYY-MM-DD'),TO_DATE('2001-09-09','YYYY-MM-DD'));
INSERT INTO salaries VALUES (10005,94692,TO_DATE('2001-09-09','YYYY-MM-DD'),TO_DATE('9999-01-01','YYYY-MM-DD'));
COMMIT;

TRUNCATE TABLE designation;
INSERT INTO designation VALUES (10001,'Senior Engineer',TO_DATE('1986-06-26','YYYY-MM-DD'),TO_DATE('9999-01-01','YYYY-MM-DD'));
INSERT INTO designation VALUES (10002,'Staff',TO_DATE('1996-08-03','YYYY-MM-DD'),TO_DATE('9999-01-01','YYYY-MM-DD'));
INSERT INTO designation VALUES (10003,'Senior Engineer',TO_DATE('1995-12-03','YYYY-MM-DD'),TO_DATE('9999-01-01','YYYY-MM-DD'));
INSERT INTO designation VALUES (10004,'Engineer',TO_DATE('1986-12-01','YYYY-MM-DD'),TO_DATE('1995-12-01','YYYY-MM-DD'));
INSERT INTO designation VALUES (10004,'Senior Engineer',TO_DATE('1995-12-01','YYYY-MM-DD'),TO_DATE('9999-01-01','YYYY-MM-DD'));
INSERT INTO designation VALUES (10005,'Senior Staff',TO_DATE('1996-09-12','YYYY-MM-DD'),TO_DATE('9999-01-01','YYYY-MM-DD'));
INSERT INTO designation VALUES (10005,'Staff',TO_DATE('1989-09-12','YYYY-MM-DD'),TO_DATE('1996-09-12','YYYY-MM-DD'));
COMMIT;